food_name,category,serving_grams,protein_g,fat_g,carbs_g,sodium_mg,needs_review
Greek Yogurt - Plain,Dairy,170.1,,0.7,6.0,,True
"Greek Yogurt, Plain",Dairy,170.0,17.0,0.7,6.0,65.0,False
"Salmon (Atlantic), Cooked",Fish,100.0,25.0,13.0,0.0,59.0,False
Avocado,Fruit,150.0,3.0,21.0,12.0,7.0,False
"Quinoa, Cooked",Grains,185.0,8.0,3.6,39.0,13.0,False
"Almonds, Raw",Nuts & Seeds,28.0,6.0,14.0,6.0,0.0,False
"Chicken Breast, Grilled",Poultry,100.0,31.0,3.6,0.0,74.0,False
"Eggs, Large",Protein,50.0,6.0,5.0,0.6,62.0,False
"Eggs, Large (Boiled)",Protein,50.0,6.0,5.0,1.0,62.0,False
"Broccoli, Steamed",Vegetables,156.0,3.7,0.4,11.0,33.0,False
"Broccoli, Steamed",Vegetables,,3.7,0.4,11.0,,True
"Spinach, Raw",Vegetables,30.0,0.9,0.1,1.1,24.0,False
